control_id,priority,resource_kind,adapter_kind,parameter,parameter_kind,value_type,expected_value,title,description,source_ref,remediation_text,read_recipe
esx.account-auto-unlock-time,P2,HostSystem,VMWARE,Security.AccountUnlockTime,advanced_setting,integer,900,The ESXi host must unlock accounts after a specified timeout period.,"Ensures that user accounts on the ESXi host are automatically unlocked after a defined period of inactivity. By enforcing automatic account unlocking, organizations can maintain a balance between security and usability, ensuring that idle accounts are reactivated promptly while minimizing the potential for unauthorized access.",SCG-7.0:esxi-7.account-auto-unlock-time,Get-VMHost -Name $ESXi | Get-AdvancedSetting Security.AccountUnlockTime | Set-AdvancedSetting -Value 900,
esx.account-lockout,P2,HostSystem,VMWARE,Security.AccountLockFailures,advanced_setting,integer,5,The ESXi host must lock an account after a specified number of failed login attempts.,"Protects against brute-force attacks and unauthorized access attempts by temporarily disabling the affected account, preventing further login attempts until the lockout period expires or is manually reset by an administrator.",SCG-7.0:esxi-7.account-lockout,Get-VMHost -Name $ESXi | Get-AdvancedSetting Security.AccountLockFailures | Set-AdvancedSetting -Value 5,
esx.account-password-history,P0,HostSystem,VMWARE,Security.PasswordHistory,advanced_setting,integer,5,Configure the password history setting to restrict the reuse of passwords on the ESXi host.,"Prevent the reuse of previous passwords, thus mitigating potential breaches from old, compromised credentials.",SCG-7.0:esxi-7.account-password-history,Get-VMHost -Name $ESXi | Get-AdvancedSetting Security.PasswordHistory | Set-AdvancedSetting -Value 5,
esx.account-password-max-days,P2,HostSystem,VMWARE,Security.PasswordMaxDays,advanced_setting,integer,9999,The ESXi host must be configured with an appropriate maximum password age.,"Modern best practices for passwords, as outlined in NIST 800-63B Section 5.1.1.2 and other relevant guidance, state that enforcing periodic password changes does not enhance security when passwords already possess adequate entropy.",SCG-7.0:esxi-7.account-password-max-days,Get-VMHost -Name $ESXi | Get-AdvancedSetting Security.PasswordMaxDays | Set-AdvancedSetting -Value 99999,
esx.account-password-policies,P0,HostSystem,VMWARE,Security.PasswordQualityControl,advanced_setting,string,"""retry=3 min=disabled,15,15,15,15 max=64 similar=deny passphrase=3""",The ESXi host must enforce password complexity.,"Based on recommendations such as NIST 800-63B Section 5.1.1.2, it is suggested that composition rules, such as mandating mixtures of character classes, should not be enforced on systems as they often fail to enhance password security and discourage the adoption of more secure passphrases.

Password strength and complexity rules are applicable to all ESXi users, including the root user. However, when the ESX host is joined to a domain, these rules do not apply to Active Directory (AD) users as password policies for AD users are enforced by the AD system.",SCG-7.0:esxi-7.account-password-policies,"Get-VMHost -Name $ESXi | Get-AdvancedSetting Security.PasswordQualityControl | Set-AdvancedSetting -Value ""retry=3 min=disabled,15,15,15,15 max=64 similar=deny passphrase=3""",
esx.ad-auth-proxy,P0,HostSystem,VMWARE,,powercli_only,string,Configured If Feature In Use,The vCenter Server must use the vSphere Authentication Proxy to avoid storing Active Directory credentials.,"The vSphere Authentication Proxy enables vCenter to connect to and manage AD entities without the need to directly store AD credentials, which reduces the risk of credential exposure or misuse.",SCG-7.0:esxi-7.ad-auth-proxy,N/A,
esx.annotations-welcomemessage,P1,HostSystem,VMWARE,Annotations.WelcomeMessage,advanced_setting,string,Consult your organization's legal advisors for text that is applicable to your environment.,Configure the ESXi host login banner for the DCUI and Host Client.,"ESXi enables the display of a login message often used to deter intruders by declaring their activities as illegal, and to inform authorized users of their responsibilities and conditions for system use. While not a direct technical security control, this has positive implications for enforcement and prosecution if attackers are caught. This parameter defines the text displayed on both the Host Client login page and DCUI.",SCG-7.0:esxi-7.annotations-welcomemessage,"Get-VMHost -Name $ESXi | Get-AdvancedSetting Annotations.WelcomeMessage | Set-AdvancedSetting -Value ""Authorized users only. Actual or attempted unauthorized use of this system is prohibited and may result in criminal, civil, security, or administrative proceedings and/or penalties. Use of this information system indicates consent to monitoring and recording, without notice or permission. Users have no expectation of privacy in any use of this system. Any information stored on, or transiting this system, or obtained by monitoring and/or recording, may be disclosed to law enforcement and/or used in accordance with Federal law, State statute, and organization policy. If you are not an authorized user of this system, exit the system at this time.""",
esx.api-soap-timeout,P2,HostSystem,VMWARE,Config.HostAgent.vmacore.soap.sessionTimeout,advanced_setting,integer,30,The ESXi host must configure a session timeout for the vSphere API.,"This practice helps mitigate potential security risks by ensuring that unattended sessions, which could be exploited by unauthorized users or malicious software, are not left open indefinitely.",SCG-7.0:esxi-7.api-soap-timeout,Get-VMHost -Name $ESXi | Get-AdvancedSetting Config.HostAgent.vmacore.soap.sessionTimeout | Set-AdvancedSetting -Value 30,
esx.cpu-hyperthread-warning,P2,HostSystem,VMWARE,UserVars.SuppressHyperthreadWarning,advanced_setting,integer,0,The ESXi host must not suppress warnings about unmitigated hyperthreading vulnerabilities.,"Hyperthreading security warnings signify unaddressed CPU vulnerabilities in the system, and ignoring these could mask potential risks. Ensure that hardware remediations align with your organization's accepted risk, and if suppressing a warning, document the decision and rationale.",SCG-7.0:esxi-7.cpu-hyperthread-warning,Get-VMHost -Name $ESXi | Get-AdvancedSetting UserVars.SuppressHyperthreadWarning | Set-AdvancedSetting -Value 0,
esx.dcui-timeout,P2,HostSystem,VMWARE,UserVars.DcuiTimeOut,advanced_setting,integer,600,Set a timeout to automatically terminate idle DCUI sessions on the ESXi host.,"DCUI allows direct login to the ESXi host for managing tasks. To prevent unintended DCUI usage from leftover login sessions, It is essential to terminate idle connections.",SCG-7.0:esxi-7.dcui-timeout,Get-VMHost -Name $ESXi | Get-AdvancedSetting UserVars.DcuiTimeOut | Set-AdvancedSetting -Value 600,
esx.deactivate-cim,P0,HostSystem,VMWARE,service.sfcbd-watchdog.running,vim_property,boolean,false,The ESXi CIM service should be deactivated.,Services which are not in use and are non-essential for operations should be deactivated.,SCG-7.0:esxi-7.deactivate-cim,Get-VMHostService -VMHost $ESXi | where {$_.Key -eq 'sfcbd-watchdog'} | Set-VMHostService -Policy Off ; Get-VMHostService -VMHost $ESXi | where {$_.Key -eq 'sfcbd-watchdog'} | Stop-VMHostService,service_state:sfcbd-watchdog:running
esx.deactivate-mob,P2,HostSystem,VMWARE,Config.HostAgent.plugins.solo.enableMob,advanced_setting,boolean,False,The ESXi Managed Object Browser (MOB) must be deactivated.,Services which are not in use and are non-essential for operations should be deactivated.,SCG-7.0:esxi-7.deactivate-mob,Get-VMHost -Name $ESXi | Get-AdvancedSetting Config.HostAgent.plugins.solo.enableMob | Set-AdvancedSetting -Value False,
esx.deactivate-shell,P2,HostSystem,VMWARE,service.TSM.running,vim_property,boolean,false,The ESXi shell should be deactivated.,Services which are not in use and are non-essential for operations should be deactivated.,SCG-7.0:esxi-7.deactivate-shell,Get-VMHostService -VMHost $ESXi | where {$_.Key -eq 'TSM'} | Set-VMHostService -Policy Off ; Get-VMHostService -VMHost $ESXi | where {$_.Key -eq 'TSM'} | Stop-VMHostService,service_state:TSM:running
esx.deactivate-slp,P2,HostSystem,VMWARE,service.slpd.running,vim_property,boolean,false,The ESXi SLP service should be deactivated.,Services which are not in use and are non-essential for operations should be deactivated.,SCG-7.0:esxi-7.deactivate-slp,Get-VMHostService -VMHost $ESXi | where {$_.Key -eq 'slpd'} | Set-VMHostService -Policy Off ; Get-VMHostService -VMHost $ESXi | where {$_.Key -eq 'slpd'} | Stop-VMHostService,service_state:slpd:running
esx.deactivate-snmp,P0,HostSystem,VMWARE,service.snmpd.running,vim_property,boolean,false,The ESXi SNMP service should be deactivated.,Services which are not in use and are non-essential for operations should be deactivated.,SCG-7.0:esxi-7.deactivate-snmp,Get-VMHostService -VMHost $ESXi | where {$_.Key -eq 'snmpd'} | Set-VMHostService -Policy Off ; Get-VMHostService -VMHost $ESXi | where {$_.Key -eq 'snmpd'} | Stop-VMHostService,service_state:snmpd:running
esx.deactivate-ssh,P2,HostSystem,VMWARE,service.TSM-SSH.running,vim_property,boolean,false,The ESXi SSH service should be deactivated.,Services which are not in use and are non-essential for operations should be deactivated.,SCG-7.0:esxi-7.deactivate-ssh,Get-VMHostService -VMHost $ESXi | where {$_.Key -eq 'TSM-SSH'} | Set-VMHostService -Policy Off ; Get-VMHostService -VMHost $ESXi | where {$_.Key -eq 'TSM-SSH'} | Stop-VMHostService,service_state:TSM-SSH:running
esx.etc-issue,P1,HostSystem,VMWARE,Config.Etc.issue,advanced_setting,string,Consult your organization's legal advisors for text that is applicable to your environment.,Configure the login banner for ESXi host SSH connections.,"ESXi enables a login message display, often used to deter intruders and inform authorized users about system use obligations. This parameter defines the text shown during an SSH connection. It is highly recommended to keep SSH in the stopped state unless troubleshooting.",SCG-7.0:esxi-7.etc-issue,"Get-VMHost -Name $ESXi | Get-AdvancedSetting Config.Etc.Issue | Set-AdvancedSetting -Value ""Authorized users only. Actual or attempted unauthorized use of this system is prohibited and may result in criminal, civil, security, or administrative proceedings and/or penalties. Use of this information system indicates consent to monitoring and recording, without notice or permission. Users have no expectation of privacy in any use of this system. Any information stored on, or transiting this system, or obtained by monitoring and/or recording, may be disclosed to law enforcement and/or used in accordance with Federal law, State statute, and organization policy. If you are not an authorized user of this system, exit the system at this time.""",
esx.firewall-incoming-default,P2,HostSystem,VMWARE,config.firewall.defaultPolicy.incomingBlocked,vim_property,boolean,true,The ESXi host must configure the firewall to block network traffic by default.,"Ensures that all incoming and outgoing network traffic is blocked unless explicitly allowed, reducing the attack surface and preventing unauthorized access to the host.",SCG-7.0:esxi-7.firewall-incoming-default,$ESXcli = Get-EsxCli -VMHost $ESXi -V2 ; $arguments = $ESXcli.network.firewall.set.CreateArgs() ; $arguments.defaultaction = $FALSE ; $arguments.enabled = $true ; $ESXcli.network.firewall.set.Invoke($arguments),bool:config.firewall.defaultPolicy.incomingBlocked
esx.firewall-restrict-access,P1,HostSystem,VMWARE,,esxcli,string,Connections allowed only from authorized infrastructure and administration workstations,Configure the ESXi host firewall to only allow traffic from authorized networks.,"Ensures that all incoming and outgoing network traffic is blocked unless explicitly allowed, reducing the attack surface and preventing unauthorized access to the host.",SCG-7.0:esxi-7.firewall-restrict-access,"# This is an example which you will want to customize! ; $ESXcli = Get-EsxCli -VMHost $ESXi -V2 ; # Deactivate firewall temporarily so we don't lose connectivity ; $arguments = $ESXcli.network.firewall.set.CreateArgs() ; $arguments.enabled = $false ; $ESXcli.network.firewall.set.Invoke($arguments) ; ; # Unset the ""allow all"" flag ; $arguments = $ESXcli.network.firewall.ruleset.set.CreateArgs() ; $arguments.allowedall = $false ; $arguments.rulesetid = ""sshServer"" ; $ESXcli.network.firewall.ruleset.set.Invoke($arguments) ; ; # Add an IP range ; $arguments = $ESXcli.network.firewall.ruleset.allowedip.add.CreateArgs() ; $arguments.ipaddress = ""192.168.0.0/16"" ; $arguments.rulesetid = ""sshServer"" ; $ESXcli.network.firewall.ruleset.allowedip.add.Invoke($arguments) ; ; # Enable the firewall ; $arguments = $ESXcli.network.firewall.set.CreateArgs() ; $arguments.enabled = $true ; $ESXcli.network.firewall.set.Invoke($arguments)",
esx.host-client-session-timeout,P2,HostSystem,VMWARE,UserVars.HostClientSessionTimeout,advanced_setting,integer,900,The ESXi host must automatically terminate idle host client sessions.,"This practice helps mitigate potential security risks by ensuring that unattended sessions, which could be exploited by unauthorized users or malicious software, are not left open indefinitely.",SCG-7.0:esxi-7.host-client-session-timeout,Get-VMHost -Name $ESXi | Get-AdvancedSetting UserVars.HostClientSessionTimeout | Set-AdvancedSetting -Value 900,
esx.iscsi-mutual-chap,P0,HostSystem,VMWARE,"Set iSCSI storage adapter authentication to ""Use bidirectional CHAP"" and supply credentials",powercli_only,string,Configured If Feature In Use,Enable bidirectional/mutual CHAP authentication for iSCSI traffic.,"Mutual CHAP provides an additional layer of protection by requiring both the initiator (client) and the target (server) to verify their identities to each other, thereby ensuring data transmitted between the two is not intercepted or altered by unauthorized entities.",SCG-7.0:esxi-7.iscsi-mutual-chap,"# Get-VMHost -Name $ESXi | Get-VMHostHba | Where {$_.Type -eq ""Iscsi""} | Set-VMHostHba <parameters>",
esx.lockdown-dcui-access,P2,HostSystem,VMWARE,DCUI.Access,advanced_setting,string,root,The ESXi host must have an accurate DCUI.Access list.,"Ensures that only authorized users have direct console user interface (DCUI) access to the ESXi host when Lockdown Mode is enabled. The root user cannot be removed from the list.

To control ESXi Shell and/or SSH access use the Lockdown Mode Exception Users list.",SCG-7.0:esxi-7.lockdown-dcui-access,Get-VMHost -Name $ESXi | Get-AdvancedSetting DCUI.Access | Set-AdvancedSetting -Value root,
esx.lockdown-exception-users,P2,HostSystem,VMWARE,,powercli_only,string,Null,The ESXi host must have an accurate Exception Users list.,"Users on the Lockdown Mode ""Exception Users"" list do not lose their privileges when the host enters lockdown mode, which can potentially defeat the purpose of lockdown mode.",SCG-7.0:esxi-7.lockdown-exception-users,(Get-View (Get-VMHost -Name $ESXi | Get-View).ConfigManager.HostAccessManager).UpdateLockdownExceptions($NULL),
esx.lockdown-mode,P0,HostSystem,VMWARE,config.lockdownMode,vim_property,string,lockdownNormal,Enable normal lockdown mode on the ESXi host.,"Enabling lockdown mode deactivates direct access to an ESXi host and requires that the host be managed remotely from vCenter Server. This is done to ensure that the roles and access controls implemented in vCenter are always enforced, and users cannot bypass them by logging into a host directly. By forcing all interactions to occur through vCenter Server, the risk of someone attaining elevated privileges or performing tasks that are not properly audited is greatly reduced.

Note that users listed in the Exception Users list for each host are allowed to override lockdown mode and log in. By default, no users are present on the Exception Users list.

There are three settings for lockdown mode: disabled, normal, and strict. Choosing strict means that if the ESXi host loses contact with vCenter Server, it cannot be managed in any way until that connection is restored. If the connection cannot be restored, the host will need to be rebuilt. This level of lockdown mode is typically not necessary for most deployments and can present significant operational challenges. Therefore, we recommend using normal lockdown mode.",SCG-7.0:esxi-7.lockdown-mode,(Get-View (Get-VMHost -Name $ESXi | Get-View).ConfigManager.HostAccessManager).ChangeLockdownMode('lockdownNormal'),scalar:config.lockdownMode
esx.logs-audit-local,P0,HostSystem,VMWARE,Syslog.global.auditRecord.storageEnable,advanced_setting,boolean,TRUE,The ESXi host must enable audit record logging.,ESXi will store audit records locally.,SCG-7.0:esxi-7.logs-audit-local,Get-VMHost -Name $ESXi | Get-AdvancedSetting Syslog.global.auditRecord.storageEnable | Set-AdvancedSetting -Value TRUE,
esx.logs-audit-local-capacity,P1,HostSystem,VMWARE,Syslog.global.auditRecord.storageCapacity,advanced_setting,integer,100,The ESXi host must store one week of audit records.,"If a remote audit record storage facility is available, it is essential to ensure that the local storage capacity is sufficient to hold audit records that may accumulate during anticipated interruptions in the delivery of records to the facility. This ensures that audit records are not lost or overwritten during periods when the remote storage is unavailable, allowing for seamless continuity of the audit trail and compliance requirements.",SCG-7.0:esxi-7.logs-audit-local-capacity,Get-VMHost -Name $ESXi | Get-AdvancedSetting Syslog.global.auditRecord.storageCapacity | Set-AdvancedSetting -Value 100,
esx.logs-audit-persistent,P0,HostSystem,VMWARE,ScratchConfig.CurrentScratchLocation,advanced_setting,string,not:/tmp/scratch,Configure a persistent log location for all locally stored audit records on the ESXi host.,"ESXi can be configured to store audit records on an in-memory file system.  This occurs when the host's ""/scratch"" directory is linked to ""/tmp/scratch"". When this is done only a single day's worth of records are stored at any time. In addition audit records will be reinitialized upon each reboot.  This presents a security risk as user activity logged on the host is only stored temporarily and will not persistent across reboots.  This can also complicate auditing and make it harder to monitor events and diagnose issues.  ESXi host audit record logging should always be configured to a persistent datastore.

Cannot be a vSAN datastore. If your only local, non-vSAN storage is SD or USB media (which can become unreliable with repeated writes from logs) you might consider leaving the logs in the ramdisk and ensuring that a remote logging host is configured instead. Document the decision and rationale in preparation for future audits.",SCG-7.0:esxi-7.logs-audit-persistent,"Get-VMHost -Name $ESXi | Get-AdvancedSetting Syslog.global.logDir | Set-AdvancedSetting -Value ""<directory>""",
esx.logs-audit-remote,P0,HostSystem,VMWARE,Syslog.global.auditRecord.remoteEnable,advanced_setting,boolean,TRUE,The ESXi host must transmit audit records to a remote host.,ESXi will transmit audit records to the configured log collector.,SCG-7.0:esxi-7.logs-audit-remote,Get-VMHost -Name $ESXi | Get-AdvancedSetting Syslog.global.auditRecord.remoteEnable | Set-AdvancedSetting -Value TRUE,
esx.logs-filter,P2,HostSystem,VMWARE,syslog.LogFilteringEnabled,esxcli,boolean,FALSE,The ESXi host must not enable log filtering.,"You can create log filters to reduce the number of repetitive entries, and to deny specific log events entirely.",SCG-7.0:esxi-7.logs-filter,Get-VMHost -Name $ESXi | Get-AdvancedSetting Syslog.global.logFiltersEnable | Set-AdvancedSetting -Value FALSE,esxcli:system.syslog.config.logfilter.get:LogFilteringEnabled
esx.logs-level,P2,HostSystem,VMWARE,Config.HostAgent.log.level,advanced_setting,string,info,Set the ESXi host logging informational level to info.,It is important to ensure that sufficient information is present in audit logs for diagnostics and forensics purposes.,SCG-7.0:esxi-7.logs-level,Get-VMHost -Name $ESXi | Get-AdvancedSetting Config.HostAgent.log.level | Set-AdvancedSetting -Value info,
esx.logs-level-global,P0,HostSystem,VMWARE,Syslog.global.logLevel,advanced_setting,string,info,The ESXi host must log sufficient information for events.,"Without sufficient log data, critical indicators of compromise may go unnoticed, leading to increased vulnerability and potential failure to respond effectively to cybersecurity incidents.",SCG-7.0:esxi-7.logs-level-global,Get-VMHost -Name $ESXi | Get-AdvancedSetting Syslog.global.logLevel | Set-AdvancedSetting -Value info,
esx.logs-persistent,P0,HostSystem,VMWARE,LocalLogOutputIsPersistent,esxcli,boolean,true,Configure a persistent log location for all locally stored logs on the ESXi host.,"ESXi can be configured to store log files on an in-memory file system. This occurs when the host's ""/scratch"" directory is linked to ""/tmp/scratch"". When this is done, only a single day's worth of logs is stored at any time. Additionally, log files will be reinitialized upon each reboot. This presents a security risk as user activity logged on the host is only stored temporarily and will not persist across reboots. It can also complicate auditing and make it harder to monitor events and diagnose issues. Therefore, it is recommended to configure ESXi host logging to a persistent datastore.

Cannot be a vSAN datastore unless Syslog.global.vsanBacking is set, which has caveats & dependencies. If your only local, non-vSAN storage is SD or USB media (which can become unreliable with repeated writes from logs) you might consider leaving the logs in the ramdisk and ensuring that a remote logging host is configured instead. Document the decision and rationale in preparation for future audits.",SCG-7.0:esxi-7.logs-persistent,"Get-VMHost -Name $ESXi | Get-AdvancedSetting Syslog.global.logDir | Set-AdvancedSetting -Value ""<directory>""",esxcli:system.syslog.config.get:LocalLogOutputIsPersistent
esx.logs-remote,P0,HostSystem,VMWARE,Syslog.global.logHost,advanced_setting,string,Site-Specific Log Server,Configure a remote log server for the ESXi host.,"Remote logging to a central log host provides a secure and centralized store for ESXi logs. By gathering host log files onto a central host, you can more easily monitor all hosts using a single tool. Additionally, you can perform aggregate analysis and searching to identify coordinated attacks on multiple hosts. Logging to a secure and centralized log server helps prevent log tampering and ensures a long-term audit record.",SCG-7.0:esxi-7.logs-remote,"Get-VMHost -Name $ESXi | Get-AdvancedSetting Syslog.global.logHost | Set-AdvancedSetting -Value ""<log collector>""",
esx.logs-remote-tls,P2,HostSystem,VMWARE,Syslog.global.certificate.checkSSLCerts,advanced_setting,boolean,TRUE,The ESXi host must verify certificates for TLS remote logging endpoints.,TLS certificates help ensure that the endpoint is authentic and trustworthy.,SCG-7.0:esxi-7.logs-remote-tls,Get-VMHost -Name $ESXi | Get-AdvancedSetting Syslog.global.certificate.checkSSLCerts | Set-AdvancedSetting -Value TRUE,
esx.logs-remote-tls-x509,P0,HostSystem,VMWARE,Syslog.global.certificate.strictX509Compliance,advanced_setting,boolean,TRUE,The ESXi host must use strict x509 verification for TLS-enabled remote logging endpoints.,"This ""x509-strict"" option performs additional validity checks on CA root certificates during verification.",SCG-7.0:esxi-7.logs-remote-tls-x509,Get-VMHost -Name $ESXi | Get-AdvancedSetting Syslog.global.certificate.strictX509Compliance | Set-AdvancedSetting -Value TRUE,
esx.network-bpdu,P0,HostSystem,VMWARE,Net.BlockGuestBPDU,advanced_setting,integer,1,Enable the Bridge Protocol Data Unit (BPDU) filter on the ESXi host.,"BPDUs (Bridge Protocol Data Units) are used to transmit Spanning Tree Protocol (STP) information and detect network loops. BPDU Guard and Portfast are commonly enabled on the physical switch directly connected to the ESXi host to reduce spanning tree convergence delay.

However, if a BPDU packet is sent from a virtual machine on the ESXi host to the configured physical switch, it can result in a cascading lockout of all uplink interfaces from the ESXi host. To prevent this type of lockout, BPDU Filter can be enabled on the ESXi host to drop any BPDU packets being sent to the physical switch.

It is important to note that Standard and Distributed Virtual Switches do not support STP and do not generate BPDUs.",SCG-7.0:esxi-7.network-bpdu,Get-VMHost -Name $ESXi | Get-AdvancedSetting Net.BlockGuestBPDU | Set-AdvancedSetting -Value 1,
esx.network-dvfilter,P2,HostSystem,VMWARE,Net.DVFilterBindIpAddress,advanced_setting,string,"""""",Use of the dvFilter network APIs must be restricted on the ESXi host.,"If you are not using a product such as VMware NSX that utilizes the dvfilter network API, it is recommended not to configure the host to send network information to an IP address. Enabling the API and referencing an IP address that is compromised could potentially provide unauthorized access to the network of other virtual machines (VMs) on the host.

If you are using a product that relies on this API, it is important to verify that the host has been configured correctly to ensure secure network communication.",SCG-7.0:esxi-7.network-dvfilter,"Get-VMHost -Name $ESXi | Get-AdvancedSetting Net.DVFilterBindIpAddress | Set-AdvancedSetting -Value """"",
vds.network-reject-forged-transmit-standardswitch,P2,DistributedVirtualSwitch,VMWARE,securityPolicy.forgedTransmits,vim_property,string,Reject,All standard switches and their port groups must be configured to reject forged transmits.,"If the MAC address of a virtual machine operating system changes, it allows the operating system to send frames with an impersonated source MAC address, potentially enabling malicious attacks on devices within a network by impersonating an authorized network adapter.

When the ""Forged transmits"" option is set to ""Accept,"" ESXi does not compare the source and effective MAC addresses.

To protect against MAC impersonation, you can set the ""Forged transmits"" option to ""Reject."" In this case, the host compares the source MAC address being transmitted by the guest operating system with the effective MAC address for its virtual machine adapter to check for a match. If the addresses do not match, the ESXi host drops the packet.",SCG-7.0:esxi-7.network-reject-forged-transmit-standardswitch,Get-VMHost -Name $ESXi | Get-VirtualSwitch -Standard | Get-SecurityPolicy | Set-SecurityPolicy -ForgedTransmits $false ; Get-VMHost -Name $ESXi | Get-VirtualPortGroup -Standard | Get-SecurityPolicy | Set-SecurityPolicy -ForgedTransmitsInherited $true,bool_policy:config.defaultPortConfig.securityPolicy.forgedTransmits
vds.network-reject-mac-changes-standardswitch,P2,DistributedVirtualSwitch,VMWARE,securityPolicy.macChanges,vim_property,string,Reject,All standard switches and their port groups must be configured to reject guest MAC address changes.,"If the virtual machine operating system changes the MAC address, it can send frames with an impersonated source MAC address, enabling it to stage malicious attacks on devices within a network by impersonating a network adapter authorized by the receiving network. To prevent virtual machines from changing their effective MAC address, measures should be taken to enforce MAC address stability or restrict the ability to modify MAC addresses. This helps mitigate the risk of MAC impersonation and potential malicious activities.",SCG-7.0:esxi-7.network-reject-mac-changes-standardswitch,Get-VMHost -Name $ESXi | Get-VirtualSwitch -Standard | Get-SecurityPolicy | Set-SecurityPolicy -MacChanges $false ; Get-VMHost -Name $ESXi | Get-VirtualPortGroup -Standard | Get-SecurityPolicy | Set-SecurityPolicy -MacChangesInherited $true,bool_policy:config.defaultPortConfig.securityPolicy.macChanges
vds.network-reject-promiscuous-mode-standardswitch,P2,DistributedVirtualSwitch,VMWARE,securityPolicy.allowPromiscuous,vim_property,string,Reject,All standard switches and their port groups must be configured to reject guest promiscuous mode requests.,"When promiscuous mode is enabled for a port group, all virtual machines connected to that port group have the potential to read all packets transmitted across that port group, regardless of the intended recipient.

It is important to consider the potential impact and design considerations before changing the default value of promiscuous mode.",SCG-7.0:esxi-7.network-reject-promiscuous-mode-standardswitch,Get-VMHost -Name $ESXi | Get-VirtualSwitch -Standard | Get-SecurityPolicy | Set-SecurityPolicy -AllowPromiscuous $false ; Get-VMHost -Name $ESXi | Get-VirtualPortGroup -Standard | Get-SecurityPolicy | Set-SecurityPolicy -AllowPromiscuousInherited $true,bool_policy:config.defaultPortConfig.securityPolicy.allowPromiscuous
dvpg.network-vgt,P2,DistributedVirtualPortgroup,VMWARE,,powercli_only,string,Not Configured,The ESXi host must restrict the use of Virtual Guest Tagging (VGT) on Standard Switches.,"When a port group is set to VLAN 4095, the vSwitch passes all network frames to the attached virtual machines (VMs) without modifying the VLAN tags. In vSphere, this is referred to as VGT. The VM must process the VLAN information itself via an 802.1Q driver in the operating system.

VLAN 4095 must only be implemented if the attached VMs have been specifically authorized and are capable of managing VLAN tags themselves. If VLAN 4095 is enabled inappropriately, it may cause denial of service or allow a VM to interact with traffic on an unauthorized VLAN.",SCG-7.0:esxi-7.network-vgt,"Get-VMHost -Name $ESXi | Get-VirtualPortGroup -Standard -Name $PG| Set-VirtualPortGroup -VlanID ""<new VLAN>""",
esx.secureboot,P0,HostSystem,VMWARE,,esxcli,string,Enabled,The ESXi host must enable Secure Boot enforcement.,"Secure Boot is part of the UEFI firmware standard. With UEFI Secure Boot enabled, a host refuses to load any UEFI driver or app unless the operating system bootloader has a valid digital signature. Secure Boot for ESXi requires support from the firmware and it requires that all ESXi kernel modules, drivers, and VIBs be signed by VMware or a partner subordinate.

Secure Boot is enabled in the BIOS of the ESXi physical server and supported by the hypervisor boot loader. This control flips ESXi from merely supporting Secure Boot to requiring it. Without this setting enabled, and configuration encryption, an ESXi host could be subject to offline attacks. An attacker could simply transfer the ESXi install drive to a non-Secure Boot host and boot it up without ESXi complaining.",SCG-7.0:esxi-7.secureboot,$ESXcli = Get-EsxCli -VMHost $ESXi -V2 ; $arguments = $ESXcli.system.settings.encryption.set.CreateArgs() ; $arguments.requiresecureboot = $true ; $ESXcli.system.settings.encryption.set.Invoke($arguments),
esx.shell-interactive-timeout,P0,HostSystem,VMWARE,UserVars.ESXiShellInteractiveTimeOut,advanced_setting,integer,900,Configure the inactivity timeout to automatically terminate idle ESXi host shells.,"If a user forgets to log out of their SSH session, the idle connection will remain open indefinitely, increasing the potential for someone to gain privileged access to the host.",SCG-7.0:esxi-7.shell-interactive-timeout,Get-VMHost -Name $ESXi | Get-AdvancedSetting UserVars.ESXiShellInteractiveTimeOut | Set-AdvancedSetting -Value 900,
esx.shell-timeout,P0,HostSystem,VMWARE,UserVars.ESXiShellTimeOut,advanced_setting,integer,900,Set a timeout to limit how long the ESXi Shell and SSH services are allowed to run.,The ESXiShellTimeOut defines a window of time after which the ESXi Shell and SSH services will automatically be terminated.,SCG-7.0:esxi-7.shell-timeout,Get-VMHost -Name $ESXi | Get-AdvancedSetting UserVars.ESXiShellTimeOut | Set-AdvancedSetting -Value 900,
esx.shell-warning,P2,HostSystem,VMWARE,UserVars.SuppressShellWarning,advanced_setting,integer,0,The ESXi host must not suppress warnings that the ESXi shell is enabled.,"Warnings indicating that SSH or the ESXi Shell is enabled can be clues that an attack is in progress. It is important to ensure that SSH and the ESXi Shell are deactivated, and that this variable is not set.",SCG-7.0:esxi-7.shell-warning,Get-VMHost -Name $ESXi | Get-AdvancedSetting UserVars.SuppressShellWarning | Set-AdvancedSetting -Value 0,
esx.supported,P2,HostSystem,VMWARE,,powercli_only,string,N/A,ESXi host is running software that has not reached End of General Support status.,Ensure that ESXi is a version that has not reached the End of General Support status.,SCG-7.0:esxi-7.supported,N/A,
esx.timekeeping-services,P0,HostSystem,VMWARE,service.ntpd.running,vim_property,boolean,true,ESXi host must have time synchronization services enabled and running.,"Cryptography, audit logging, cluster operations, and incident response/forensics heavily rely on synchronized time. To ensure this, NTP and/or PTP services must be set to start with the host and must be running.",SCG-7.0:esxi-7.timekeeping-services,"Get-VMHostService -VMHost $ESXi -ErrorAction:Stop | Where-Object{$_.Key -eq ""ntpd""} | Set-VMHostService -policy ""on"" -Confirm:$false ; Get-VMHostService -VMHost $ESXi -ErrorAction:Stop | Where-Object{$_.Key -eq ""ntpd""} | Restart-VMHostService -Confirm:$false",service_state:ntpd:running
esx.timekeeping-sources,P0,HostSystem,VMWARE,config.dateTimeInfo.ntpConfig.server,vim_property,string,(non-empty),ESXi host must have reliable time synchronization sources.,"Cryptography, audit logging, cluster operations, and incident response/forensics heavily rely on synchronized time. The recommended practice for NTP is to have at least four sources. It is not advisable to have only two sources, as having one source is preferable to having two.

Precision Time Protocol (PTP) is an alternative to NTP that offers sub-millisecond time accuracy. PTP has a different architecture compared to NTP and may not provide the same level of resilience in case of primary server failure. It is suggested to configure NTP as a backup source for PTP, ensuring that a time source remains available even if the accuracy is reduced.",SCG-7.0:esxi-7.timekeeping-sources,"$ntp0 = ""0.vmware.pool.ntp.org"" ; $ntp1 = ""1.vmware.pool.ntp.org"" ; $ntp2 = ""2.vmware.pool.ntp.org"" ; $ntp3 = ""3.vmware.pool.ntp.org"" ; ; Add-VMHostNTPServer -NtpServer $ntp0 , $ntp1 , $ntp2 , $ntp3 -VMHost $ESXi -Confirm:$false",string_list_join:config.dateTimeInfo.ntpConfig.server
esx.tls-protocols,P2,HostSystem,VMWARE,UserVars.ESXiVPsDisabledProtocols,advanced_setting,string,"sslv3,tlsv1,tlsv1.1",The ESXi host must enable the highest version of TLS supported.,"ESXi 8 ships with TLS 1.2 enabled by default, but it is possible to re-enable other protocols if necessary.",SCG-7.0:esxi-7.tls-protocols,"Get-VMHost -Name $ESXi | Get-AdvancedSetting UserVars.ESXiVPsDisabledProtocols | Set-AdvancedSetting -Value ""sslv3,tlsv1,tlsv1.1""",
esx.tpm-configuration,P2,HostSystem,VMWARE,encryption.Mode,esxcli,string,TPM,The ESXi host must require TPM-based configuration encryption.,"An ESXi host's configuration consists of configuration files for each service that runs on the host. The configuration files typically reside in the /etc/ directory, but they can also reside in other namespaces. The configuration files contain run-time information about the state of the services. Over time, the default values in the configuration files might change, for example, when settings on the ESXi host are changed.

A cron job backs up the ESXi configuration files periodically, when ESXi shuts down gracefully or on demand, and creates an archived configuration file in the boot bank. When ESXi reboots, it reads the archived configuration file and recreates the state that ESXi was in when the backup was taken.

Before vSphere 7.0 Update 2, the archived ESXi configuration file is not encrypted. In vSphere 7.0 Update 2 and later, the archived configuration file is encrypted. When the ESXi host is configured with a Trusted Platform Module (TPM), the TPM is used to ""seal"" the configuration to the host, providing a strong security guarantee and additional protection from offline attacks.

Configuration encryption uses the physical TPM when it is available and supported at install or upgrade time. If the TPM was added or enabled later, the ESXi host must be told to reconfigure to use the newly available TPM. Once the TPM configuration encryption is enabled, it cannot be deactivated.",SCG-7.0:esxi-7.tpm-configuration,"$ESXcli = Get-EsxCli -VMHost $ESXi -V2 ; $arguments = $ESXcli.system.settings.encryption.set.CreateArgs() ; $arguments.mode = ""TPM"" ; $ESXcli.system.settings.encryption.set.Invoke($arguments)",esxcli:system.settings.encryption.get:Mode
esx.transparent-page-sharing,P2,HostSystem,VMWARE,Mem.ShareForceSalting,advanced_setting,integer,2,The ESXi host must restrict inter-VM transparent page sharing to VMs configured with sched.mem.pshare.salt.,"Transparent Page Sharing (TPS) is a method used to reduce the memory usage of virtual machines. However, under specific conditions, it can potentially be exploited to gain unauthorized access to data on neighboring virtual machines.

Virtual machines that do not have the sched.mem.pshare.salt option set are unable to share memory with any other virtual machines, providing an additional layer of isolation and security.",SCG-7.0:esxi-7.transparent-page-sharing,Get-VMHost -Name $ESXi | Get-AdvancedSetting Mem.ShareForceSalting | Set-AdvancedSetting -Value 2,
esx.updates,P2,HostSystem,VMWARE,Product Version & Build Number,powercli_only,string,N/A,ESXi host has all software updates installed.,"By keeping ESXi patches up to date, vulnerabilities in the hypervisor can be mitigated. It is important to note that educated attackers can exploit known vulnerabilities when attempting to gain unauthorized access or elevate privileges on an ESXi host.

When applying updates, it is recommended to update vCenter Server first, if an update is available, and then proceed with updating ESXi. This sequence ensures that the management layer is updated before updating the ESXi hosts.",SCG-7.0:esxi-7.updates,N/A,
esx.vib-acceptance-level-supported,P2,HostSystem,VMWARE,,esxcli,string,PartnerSupported or Higher,The ESXi host image profile acceptance level must be PartnerSupported or higher.,"The acceptance level in ESXi controls what can be installed on the system. There are four levels: VMwareCertified, VMwareAccepted, PartnerSupported, and CommunitySupported.

It is important to note that CommunitySupported VIBs (vSphere Installation Bundles) have not undergone testing by VMware or a VMware partner, and they do not have a digital signature. It is considered risky to install CommunitySupported VIBs as their reliability and security cannot be guaranteed.",SCG-7.0:esxi-7.vib-acceptance-level-supported,"$ESXcli = Get-EsxCli -VMHost $ESXi -V2 ; $arguments = $esxcli.software.acceptance.set.CreateArgs() ; $arguments.level = ""PartnerSupported"" # VMwareCertified, VMwareAccepted, PartnerSupported, CommunitySupported ; $esxcli.software.acceptance.set.Invoke($arguments)",
esx.vmk-management,P2,HostSystem,VMWARE,,powercli_only,string,Site-Specific,The ESXi host must isolate management communications.,"VMkernel network interfaces that are intended for specialized use can be configured with management capabilities, which may defeat network isolation and security efforts. Ensure that only vmk interfaces intended for management have management services enabled.",SCG-7.0:esxi-7.vmk-management,Get-VMHostNetworkAdapter -VMHost $ESXi -Name $vmkernel_interface | Set-VMHostNetworkAdapter -ManagementTrafficEnabled $false,
vm.secure-boot,P0,VirtualMachine,VMWARE,config.bootOptions.efiSecureBootEnabled,vim_property,boolean,true,The guest OS must enable Secure Boot.,"Secure Boot, supported by all modern guest OSes, uses public key cryptography to validate firmware, boot loader, drivers, and OS kernel. By preventing system booting with uncertain boot chain validity, it effectively restricts malware.",SCG-7.0:guest-7.secure-boot,$VMobj = (Get-VM -Name $VM) ; $ConfigSpec = New-Object VMware.Vim.VirtualMachineConfigSpec ; $bootOptions = New-Object VMware.Vim.VirtualMachineBootOptions ; $bootOptions.EfiSecureBootEnabled = $true ; $ConfigSpec.BootOptions = $bootOptions ; $task = $VMobj.ExtensionData.ReconfigVM_Task($ConfigSpec),bool:config.bootOptions.efiSecureBootEnabled
vm.tools-add-feature,P0,VirtualMachine,VMWARE,autoupgrade allow-add-feature,powercli_only,boolean,false,The guest OS must limit the automatic addition of VMware Tools features.,"VMware Tools automatic upgrade processes can add or remove features from the VMware Tools installation, which can be helpful but also presents an opportunity to alter the security profile of the guest OS from vSphere.",SCG-7.0:guest-7.tools-add-feature,VMwareToolboxCmd.exe config set autoupgrade allow-add-feature false,
vm.tools-allow-transforms,P2,VirtualMachine,VMWARE,autoupgrade allow-msi-transforms,powercli_only,boolean,false,The guest OS must limit the use of MSI transforms when reconfiguring VMware Tools.,MSI transforms allow the installation database on Microsoft Windows guest OSes to be changed. This can be helpful but also presents an opportunity to alter the security profile of the guest OS from vSphere.,SCG-7.0:guest-7.tools-allow-transforms,VMwareToolboxCmd.exe config set autoupgrade allow-msi-transforms false,
vm.tools-deactivate-appinfo,P0,VirtualMachine,VMWARE,appinfo disabled,powercli_only,boolean,true,The guest OS must deactivate Appinfo information gathering unless required.,Appinfo is a method to do application discovery through VMware Tools. If you are not using this tool deactivate the module to reduce attack surface.,SCG-7.0:guest-7.tools-deactivate-appinfo,VMwareToolboxCmd.exe config set appinfo disabled true,
vm.tools-deactivate-containerinfo,P0,VirtualMachine,VMWARE,containerinfo poll-interval,powercli_only,integer,0,The guest OS must deactivate ContainerInfo unless required.,The VMware Tools ContainerInfo plugin for Linux gathers the list of running containers inside a Linux guest operating system.,SCG-7.0:guest-7.tools-deactivate-containerinfo,VMwareToolboxCmd.exe config set containerinfo poll-interval 0,
vm.tools-deactivate-guestoperations,P2,VirtualMachine,VMWARE,guestoperations disabled,powercli_only,boolean,true,The guest OS must deactivate Guest Operations unless required.,"Guest Operations are a set of functions that underpin most host-to-guest interaction. Deactivating them reduces attack surface but also drastically reduces functionality. Ensure that your environment does not require these functions. Do not do this on template VMs. For a list of functions see:

https://vdc-download.vmware.com/vmwb-repository/dcr-public/fe08899f-1eec-4d8d-b3bc-a6664c168c2c/7fdf97a1-4c0d-4be0-9d43-2ceebbc174d9/doc/vim.vm.guest.GuestOperationsManager.html",SCG-7.0:guest-7.tools-deactivate-guestoperations,VMwareToolboxCmd.exe config set guestoperations disabled true,
vm.tools-deactivate-gueststoreupgrade,P0,VirtualMachine,VMWARE,gueststoreupgrade policy,powercli_only,string,off,The guest OS must deactivate Guest Store Upgrade operations unless required.,The GuestStore feature provides a simple and flexible mechanism to distribute VMware specific or custom content from a GuestStore repository to multiple guests simultaneously. If you are not using this feature disable the plugin to reduce attack surface.,SCG-7.0:guest-7.tools-deactivate-gueststoreupgrade,VMwareToolboxCmd.exe config set gueststoreupgrade policy off,
vm.tools-deactivate-servicediscovery,P0,VirtualMachine,VMWARE,servicediscovery disabled,powercli_only,boolean,true,The guest OS must deactivate Service Discovery unless required.,The VMware Tools Service Discovery plugin connects to Aria Operations and provides additional data to that product about guests and workloads. If you are not using this feature disable the plugin to reduce attack surface.,SCG-7.0:guest-7.tools-deactivate-servicediscovery,VMwareToolboxCmd.exe config set servicediscovery disabled true,
vm.tools-enable-logging,P2,VirtualMachine,VMWARE,logging log,powercli_only,boolean,true,The guest OS must enable VMware Tools logging.,"Ensure that VMware Tools is logging information as appropriate. Logging in VMware Tools is very customizable, please see the examples in https://github.com/vmware/open-vm-tools/blob/master/open-vm-tools/tools.conf",SCG-7.0:guest-7.tools-enable-logging,VMwareToolboxCmd.exe config set logging log true,
vm.tools-enable-syslog,P0,VirtualMachine,VMWARE,logging vmsvc.handler,powercli_only,string,syslog,The guest OS must send VMware Tools logs to the system log service.,"By default, VMware Tools sends logs to a file on disk. By setting this parameter it will send them to syslog on Linux guests and the Windows Event Service on Microsoft Windows guests, wherein they can be monitored, managed, and archived centrally.",SCG-7.0:guest-7.tools-enable-syslog,VMwareToolboxCmd.exe config set logging vmsvc.handler syslog ; VMwareToolboxCmd.exe config set logging toolboxcmd.handler syslog ; VMwareToolboxCmd.exe config set logging vgauthsvc.handler syslog ; VMwareToolboxCmd.exe config set logging vmtoolsd.handler syslog,
vm.tools-globalconf,P2,VirtualMachine,VMWARE,globalconf enabled,powercli_only,boolean,false,The guest OS must deactivate GlobalConf unless required.,The GlobalConf feature of VMware Tools provides an ability to push tools.conf configurations to virtual machines.,SCG-7.0:guest-7.tools-globalconf,VMwareToolboxCmd.exe config set globalconf enabled false,
vm.tools-prevent-recustomization,P0,VirtualMachine,VMWARE,deployPkg enable-customization,powercli_only,boolean,false,The guest OS on deployed and customized virtual machines must prevent being recustomized.,"The VM deployment process offers many options for vSphere Admins to customize VMs, using scripts and running commands. This can also be an avenue for an adversary to gain access to data inside a VM, by cloning & recustomizing. Once a VM is deployed it should be prevented from being customized again (if you change your mind you can always revert it). Do not do this on template VMs.",SCG-7.0:guest-7.tools-prevent-recustomization,VMwareToolboxCmd.exe config set deployPkg enable-customization false,
vm.tools-remove-feature,P0,VirtualMachine,VMWARE,autoupgrade allow-remove-feature,powercli_only,boolean,false,The guest OS must limit the automatic removal of VMware Tools features.,"VMware Tools automatic upgrade processes can add or remove features from the VMware Tools installation, which can be helpful but also presents an opportunity to alter the security profile of the guest OS from vSphere.",SCG-7.0:guest-7.tools-remove-feature,VMwareToolboxCmd.exe config set autoupgrade allow-remove-feature false,
vm.tools-updates,P2,VirtualMachine,VMWARE,,powercli_only,string,N/A,The guest OS must ensure that VMware Tools are updated.,"VMware Tools are an important part of the VMware ecosystem, enabling guest OSes to be shut down gracefully, managed throughout their lifecycle, providing drivers for paravirtualized devices, and helping to deploy and customize VMs from templates. Like all other software the VMware Tools need to be managed and updated. Ensure that you are running a supported version for your guest OS, whether it is delivered as part of the Linux distribution or installed by you for Microsoft Windows.",SCG-7.0:guest-7.tools-updates,"Site-Specific. Multiple ways to update VMware Tools. Drivers for vmxnet3 and pvscsi are also available natively in Linux, and via Windows Update and in the native Microsoft Windows installer images, please ensure you are importing them into tools such as WSUS.",
vm.tools-upgrade,P0,VirtualMachine,VMWARE,autoupgrade allow-upgrade,powercli_only,boolean,true,The guest OS must configure automatic VMware Tools upgrades as appropriate for the environment.,"VMware Tools updates can be initiated by vSphere, which can be helpful for maintaining current VMware Tools versions. If VMware Tools is being managed and updated in other ways this functionality should be deactivated. This baseline suggests leaving automatic updates enabled.",SCG-7.0:guest-7.tools-upgrade,VMwareToolboxCmd.exe config set autoupgrade allow-upgrade true,
vm.virtual-hardware,P0,VirtualMachine,VMWARE,config.version,vim_property,string,vmx-13 or newer,The guest OS must ensure that virtual machine hardware is version 19 or newer where supported.,"Virtual hardware 19 is compatible with ESXi 7.0 Update 2 and later. Newer versions of virtual hardware enable new features and better performance. Consider upgrading to VM Hardware 20 if you are fully updated to vSphere 8. Other VMware guidance urges caution when upgrading; we urge testing of the process.

Consider all locations that a virtual machine might run, or need to be restored to. For instance, users of the VMware Cloud Disaster Recovery service need to consider the vSphere levels of potential recovery SDDCs. While VMware Cloud runs atop vSphere, it may not have the same supported virtual hardware versions available.

Changes to the configuration of VMware-supplied virtual appliances are not supported and may cause service disruptions.

This entry is intentionally categorized as ""in-guest"" due to the driver and other updates that will occur when a VM is upgraded, despite the impact being minimal. [COVERAGE: this adapter reads config.version (e.g. ""vmx-21"") and scores the VM compliant when its hardware version is at or above the baseline minimum (the ""or newer"" / ""or higher"" floor), non-compliant below it. See UNAUDITED_CONTROLS.md.]",SCG-7.0:guest-7.virtual-hardware,Set-VM -Name $VM -HardwareVersion vmx-19,scalar:config.version
vc.administration-client-session-timeout,P0,VCenterAdapterInstance,VMWARE,"""Session Timeout""",manual_audit,string,15 minutes,The vCenter Server must terminate vSphere Client sessions after 15 minutes of inactivity.,"Idle vSphere Client sessions can be left open indefinitely if a user forgets to log out, thereby increasing the risk of unauthorized privileged access.",SCG-7.0:vcenter-7.administration-client-session-timeout,N/A,
vc.administration-failed-login-interval,P1,VCenterAdapterInstance,VMWARE,Time interval between failures,powercli_only,integer,900,The vCenter Server must set the interval for counting failed login attempts to at least 15 minutes.,"By limiting the number of failed login attempts, the risk of unauthorized access via user password guessing, otherwise known as brute-forcing, is reduced.",SCG-7.0:vcenter-7.administration-failed-login-interval,Get-SsoLockoutPolicy | Set-SsoLockoutPolicy -FailedAttemptIntervalSec 900,
vc.administration-login-message-details,P1,VCenterAdapterInstance,VMWARE,"""Details of Login Message""",powercli_only,string,Consult your organization's legal advisors for text that is applicable to your environment.,Configure the vCenter Server login banner details for the vSphere Client.,"vCenter Server can display a login message, which serves to deter illegal activities and communicate system usage obligations to authorized users. This configuration sets the detailed text linked from the vSphere Client login page message.",SCG-7.0:vcenter-7.administration-login-message-details,"N/A (No public API available) ; ; Can be configured using ""/opt/vmware/bin/sso-config.sh -set_logon_banner -title <logon_banner_title> <logonBannerFile>"" from an appliance shell. Please deactivate the shell again when you are done.",
vc.administration-login-message-enable,P1,VCenterAdapterInstance,VMWARE,"""Show Login Message""",powercli_only,boolean,TRUE,Enable the vCenter Server login banner for the vSphere Client.,"vCenter Server can show a login message, useful for deterring intruders and communicating usage obligations to authorized users. This configuration enables the display of this message on the vSphere Client login page.",SCG-7.0:vcenter-7.administration-login-message-enable,"N/A (No public API available) ; ; Can be configured using ""/opt/vmware/bin/sso-config.sh -set_logon_banner -title <logon_banner_title> <logonBannerFile>"" from an appliance shell. Please deactivate the shell again when you are done.",
vc.administration-login-message-text,P1,VCenterAdapterInstance,VMWARE,"""Login Message""",powercli_only,string,Consult your organization's legal advisors for specific text.,Configure the vCenter Server login banner text for the vSphere Client.,"vCenter Server allows a login message, which deters intruders and communicates obligations to authorized users. This configuration establishes the text displayed on the vSphere Client login page.",SCG-7.0:vcenter-7.administration-login-message-text,"N/A (No public API available) ; ; Can be configured using ""/opt/vmware/bin/sso-config.sh -set_logon_banner -title <logon_banner_title> <logonBannerFile>"" from an appliance shell. Please deactivate the shell again when you are done.",
vc.administration-sso-groups,P0,VCenterAdapterInstance,VMWARE,,manual_audit,string,Not Configured,The vCenter Server must separate authentication and authorization for administrators.,"Combining authentication and authorization, as done in services like Active Directory, risks infrastructure breaches if compromised. Hence, vCenter Server should segregate these for administrators. Consider local SSO groups for authorization to better manage risk where feasible.",SCG-7.0:vcenter-7.administration-sso-groups,N/A,
vc.administration-sso-lockout-policy-max-attempts,P2,VCenterAdapterInstance,VMWARE,Maximum number of failed login attempts,powercli_only,integer,5,The vCenter Server must lock an account after a specified number of failed login attempts.,"Repeated failed logins for an account may signal security issues. To limit brute force attempts, lock the account after a certain threshold, balancing between avoiding automatic connection retries and potential denial-of-service attacks.",SCG-7.0:vcenter-7.administration-sso-lockout-policy-max-attempts,Get-SsoLockoutPolicy | Set-SsoLockoutPolicy -MaxFailedAttempts 5,
vc.administration-sso-lockout-policy-unlock-time,P2,VCenterAdapterInstance,VMWARE,Unlock time,powercli_only,integer,0,The vCenter Server must unlock accounts after a specified timeout period.,Repeated failed logins may suggest security threats. Due to the importance of vCenter Server accounts should not automatically unlock when they have been locked due to multiple login failures. Ensure that you have your administrator@vsphere.local information and that it is valid.,SCG-7.0:vcenter-7.administration-sso-lockout-policy-unlock-time,Get-SsoLockoutPolicy | Set-SsoLockoutPolicy -AutoUnlockIntervalSec 0,
vc.administration-sso-password-lifetime,P1,VCenterAdapterInstance,VMWARE,Maximum Lifetime,powercli_only,integer,9999,The vCenter Server must be configured with an appropriate maximum password age.,"Modern best practices for passwords (NIST 800-63B Section 5.1.1.2, among other guidance) indicates that with adequate password entropy, security is not improved by arbitrarily requiring users to change their passwords at certain intervals. Many automated security tools and regulatory compliance frameworks do not reflect this guidance, and may override this recommendation.",SCG-7.0:vcenter-7.administration-sso-password-lifetime,Get-SsoPasswordPolicy | Set-SsoPasswordPolicy -PasswordLifetimeDays 9999,
vc.administration-sso-password-policy,P1,VCenterAdapterInstance,VMWARE,"Maximum Length,
Minimum Length,
Character Requirements",manual_audit,string,Maximum Length: 64,The vCenter Server must enforce password complexity.,"Modern best practices for passwords (NIST 800-63B Section 5.1.1.2, among other guidance) suggests that composition rules (requiring mixtures of character classes, for example) should not be imposed on systems because they tend to not improve the security of passwords and discourage the use of more secure passphrases. Many regulatory compliance frameworks do not reflect this guidance, and may override this recommendation.

Password strength and complexity rules apply to accounts created in vSphere SSO, including administrator@vsphere.local. They do not apply to Active Directory users when vCenter Server is joined to a domain, as those password policies are enforced by AD.",SCG-7.0:vcenter-7.administration-sso-password-policy,Get-SsoPasswordPolicy | Set-SsoPasswordPolicy -MinLength 15 -MaxLength 64 -MinNumericCount 1 -MinSpecialCharCount 1 -MinAlphabeticCount 2 -MinUppercaseCount 1 -MinLowercaseCount 1 -MaxIdenticalAdjacentCharacters 3,
vc.administration-sso-password-reuse,P2,VCenterAdapterInstance,VMWARE,Restrict Reuse,powercli_only,integer,5,Configure the password history setting to restrict the reuse of passwords on the vCenter Server.,Password complexity rules may lead users to reuse old passwords. Configuring the password history setting on the vCenter Server can help prevent this.,SCG-7.0:vcenter-7.administration-sso-password-reuse,Get-SsoPasswordPolicy | Set-SsoPasswordPolicy -ProhibitedPreviousPasswordsCount 5,
vc.etc-issue,P1,VCenterAdapterInstance,VMWARE,etc.issue,advanced_setting,string,Consult your organization's legal advisors for text that is applicable to your environment.,Configure the vCenter Server login banner text for access via SSH.,"vCenter Server allows a login message, which deters intruders and communicates obligations to authorized users. This configuration establishes the text displayed when a client connects via SSH. The default text leaks information to attackers about system configuration and should be changed.",SCG-7.0:vcenter-7.etc-issue,"Get-AdvancedSetting -Entity $VC -Name etc.issue | Set-AdvancedSetting -Value ""Authorized users only. Actual or attempted unauthorized use of this system is prohibited and may result in criminal, civil, security, or administrative proceedings and/or penalties. Use of this information system indicates consent to monitoring and recording, without notice or permission. Users have no expectation of privacy in any use of this system. Any information stored on, or transiting this system, or obtained by monitoring and/or recording, may be disclosed to law enforcement and/or used in accordance with Federal law, State statute, and organization policy. If you are not an authorized user of this system, exit the system at this time.""",
vc.events-database-retention,P2,VCenterAdapterInstance,VMWARE,Task Retention,manual_audit,integer,30,The vCenter server must have task and event retention set to an apppropriate interval.,"vCenter Server retains task and event data, which ages out to save storage space. The age is configurable. This only impacts local storage of event data on the vCenter Server Appliance.",SCG-7.0:vcenter-7.events-database-retention,N/A,
vc.events-remote-logging,P2,VCenterAdapterInstance,VMWARE,vpxd.event.syslog.enabled,advanced_setting,boolean,true,Enable remote logging of vCenter Server events.,Remote logging to a central host enhances vCenter Server's security by storing logs securely. It simplifies monitoring across hosts and supports aggregate analysis for detecting coordinated attacks. Centralized logging prevents tampering and serves as a reliable long-term audit record.,SCG-7.0:vcenter-7.events-remote-logging,Get-AdvancedSetting -Entity $VC -Name vpxd.event.syslog.enabled | Set-AdvancedSetting -Value true,
vc.logs-level-global,P2,VCenterAdapterInstance,VMWARE,config.log.level,advanced_setting,string,info,The vCenter Server must produce audit records containing information to establish what type of events occurred.,It is important to ensure that sufficient information is present in audit logs for diagnostics and forensics purposes.,SCG-7.0:vcenter-7.logs-level-global,Get-AdvancedSetting -Entity $VC -Name config.log.level | Set-AdvancedSetting -Value info,
dvpg.network-reject-forged-transmit-dvportgroup,P2,DistributedVirtualPortgroup,VMWARE,securityPolicy.forgedTransmits,vim_property,string,Reject,All distributed switches and their port groups must be configured to reject forged transmits.,"A virtual machine can impersonate network adaptors by changing MAC addresses, posing security threats. By setting the Forged Transmits option to Reject on all distributed switches and port groups, ESXi verifies MAC addresses and prevents such impersonation.",SCG-7.0:vcenter-7.network-reject-forged-transmit-dvportgroup,Get-VDSwitch -Name $VDS | Get-VDSecurityPolicy | Set-VDSecurityPolicy -ForgedTransmits $false ; Get-VDPortgroup -Name $VDPG | Get-VDSecurityPolicy | Set-VDSecurityPolicy -ForgedTransmits $false,bool_policy:config.defaultPortConfig.securityPolicy.forgedTransmits
dvpg.network-reject-mac-changes-dvportgroup,P2,DistributedVirtualPortgroup,VMWARE,securityPolicy.macChanges,vim_property,string,Reject,All distributed switches and their port groups must be configured to reject guest MAC address changes.,"Allowing virtual machines to change MAC addresses poses security risks, enabling potential network adaptor impersonation. Rejecting MAC changes on all distributed switches and port groups prevents this, but may impact certain applications like Microsoft Clustering or MAC address-dependent licensing. Exceptions should be made as necessary.",SCG-7.0:vcenter-7.network-reject-mac-changes-dvportgroup,Get-VDSwitch -Name $VDS | Get-VDSecurityPolicy | Set-VDSecurityPolicy -MacChanges $false ; Get-VDPortgroup -Name $VDPG | Get-VDSecurityPolicy | Set-VDSecurityPolicy -MacChanges $false,bool_policy:config.defaultPortConfig.securityPolicy.macChanges
dvpg.network-reject-promiscuous-mode-dvportgroup,P2,DistributedVirtualPortgroup,VMWARE,securityPolicy.allowPromiscuous,vim_property,string,Reject,All distributed switches and their port groups must be configured to reject guest promiscuous mode requests.,"Enabling promiscuous mode on a port group allows all connected virtual machines to read all network packets, posing a potential security risk. Although sometimes necessary for debugging or monitoring, the default setting - reject - is recommended. Exceptions can be made for specific port groups as required.",SCG-7.0:vcenter-7.network-reject-promiscuous-mode-dvportgroup,Get-VDSwitch -Name $VDS | Get-VDSecurityPolicy | Set-VDSecurityPolicy -AllowPromiscuous $false ; Get-VDPortgroup -Name $VDPG | Get-VDSecurityPolicy | Set-VDSecurityPolicy -AllowPromiscuous $false,bool_policy:config.defaultPortConfig.securityPolicy.allowPromiscuous
dvpg.network-reset-port,P2,DistributedVirtualPortgroup,VMWARE,config.policy.portConfigResetAtDisconnect,vim_property,boolean,true,The vCenter Server must reset port configuration when virtual machines are disconnected.,"When a virtual machine is disconnected from the virtual switch port it is desirable to reset the port configuration, so that another virtual machine that attaches has a port in a known state.",SCG-7.0:vcenter-7.network-reset-port,$VDPGview = Get-VDPortgroup -Name $VDPG | Get-View ; $ConfigSpec = New-Object VMware.Vim.DVPortgroupConfigSpec ; $ConfigSpec.DefaultPortConfig = New-Object VMware.Vim.VMwareDVSPortSetting ; $ConfigSpec.Policy = New-Object VMware.Vim.VMwareDVSPortgroupPolicy ; $ConfigSpec.Policy.PortConfigResetAtDisconnect = $true ; $ConfigSpec.ConfigVersion = $VDPGview.Config.ConfigVersion ; $VDPGview.ReconfigureDVPortgroup_Task($ConfigSpec),bool:config.policy.portConfigResetAtDisconnect
vds.network-restrict-discovery-protocol,P1,DistributedVirtualSwitch,VMWARE,config.linkDiscoveryProtocolConfig.operation,vim_property,string,none,The vCenter Server must deactivate CDP/LLDP on distributed switches.,"vSphere Distributed Virtual Switch can engage in CDP or LLDP, potentially sharing sensitive unencrypted information, like IP addresses and system names, on the network. As it can aid adversaries in understanding or impersonating your environment, It is recommended to keep it deactivated unless necessary.",SCG-7.0:vcenter-7.network-restrict-discovery-protocol,$VDview = Get-VDSwitch -Name $VDS | Get-View ; $ConfigSpec = New-Object VMware.Vim.VMwareDVSConfigSpec ; $ConfigSpec.LinkDiscoveryProtocolConfig = New-Object VMware.Vim.LinkDiscoveryProtocolConfig ; $ConfigSpec.LinkDiscoveryProtocolConfig.Protocol = 'cdp' ; $ConfigSpec.LinkDiscoveryProtocolConfig.Operation = 'none' ; $ConfigSpec.ConfigVersion = $VDview.Config.ConfigVersion ; $VDview.ReconfigureDvs_Task($ConfigSpec),scalar:config.linkDiscoveryProtocolConfig.operation
vds.network-restrict-netflow-usage,P2,DistributedVirtualSwitch,VMWARE,config.defaultPortConfig.ipfixEnabled,vim_property,boolean,false,The vCenter Server must ensure that NetFlow traffic is being sent to authorized collectors.,"vSphere Distributed Switch can export unencrypted NetFlow data, revealing details about virtual network and traffic patterns. It is essential to verify that NetFlow usage is authorized and correctly configured to prevent information leaks.",SCG-7.0:vcenter-7.network-restrict-netflow-usage,$VDPGview = Get-VDPortgroup -Name $VDPG | Get-View ; $ConfigSpec = New-Object VMware.Vim.DVPortgroupConfigSpec ; $ConfigSpec.DefaultPortConfig = New-Object VMware.Vim.VMwareDVSPortSetting ; $ConfigSpec.DefaultPortConfig.IpfixEnabled = New-Object VMware.Vim.BoolPolicy ; $ConfigSpec.DefaultPortConfig.IpfixEnabled.Inherited = $false ; $ConfigSpec.DefaultPortConfig.IpfixEnabled.Value = $false ; $ConfigSpec.ConfigVersion = $VDPGview.Config.ConfigVersion ; $VDPGview.ReconfigureDVPortgroup_Task($ConfigSpec),bool_policy:config.defaultPortConfig.ipfixEnabled
dvpg.network-restrict-port-level-overrides,P2,DistributedVirtualPortgroup,VMWARE,config.policy.securityPolicyOverrideAllowed,vim_property,boolean,false,"The vCenter Server must not override port group settings at the port level on distributed switches, except for block ports.","While port-level configuration overrides may be needed for unique VM setups, they must be closely monitored to prevent unauthorized use. Unmonitored overrides could allow broader access if a less secure Distributed Switch configuration is exploited. [PARTIAL COVERAGE: this adapter checks only the securityPolicyOverrideAllowed flag (1 of ~7 per-port override flags the full control intends — block/teaming/vlan/shaping/vendorConfig/ipfix/trafficFilter overrides are NOT checked). A pass means the security-policy override is correctly disabled, not that the whole control is satisfied. See UNAUDITED_CONTROLS.md.]",SCG-7.0:vcenter-7.network-restrict-port-level-overrides,$VDPGview = Get-VDPortgroup -Name $VDPG | Get-View ; $ConfigSpec = New-Object VMware.Vim.DVPortgroupConfigSpec ; $ConfigSpec.DefaultPortConfig = New-Object VMware.Vim.VMwareDVSPortSetting ; $ConfigSpec.Policy = New-Object VMware.Vim.VMwareDVSPortgroupPolicy ; $ConfigSpec.Policy.UplinkTeamingOverrideAllowed = $false ; $ConfigSpec.Policy.BlockOverrideAllowed = $true ; $ConfigSpec.Policy.LivePortMovingAllowed = $false ; $ConfigSpec.Policy.VlanOverrideAllowed = $false ; $ConfigSpec.Policy.SecurityPolicyOverrideAllowed = $false ; $ConfigSpec.Policy.VendorConfigOverrideAllowed = $false ; $ConfigSpec.Policy.ShapingOverrideAllowed = $false ; $ConfigSpec.Policy.IpfixOverrideAllowed = $false ; $ConfigSpec.Policy.TrafficFilterOverrideAllowed = $false ; $ConfigSpec.ConfigVersion = $VDPGview.Config.ConfigVersion ; $VDPGview.ReconfigureDVPortgroup_Task($ConfigSpec),bool:config.policy.securityPolicyOverrideAllowed
vds.network-restrict-port-mirroring,P2,DistributedVirtualSwitch,VMWARE,config.vspanSession.empty,vim_property,boolean,true,The vCenter Server must remove unauthorized port mirroring sessions on distributed switches.,"vSphere Distributed Switch can mirror traffic between ports, enabling traffic observation. To maintain security, any unauthorized port mirroring sessions on distributed switches must be promptly removed.",SCG-7.0:vcenter-7.network-restrict-port-mirroring,N/A,list_empty:config.vspanSession
dvpg.network-vgt,P2,DistributedVirtualPortgroup,VMWARE,config.defaultPortConfig.vlan.notVgt,vim_property,boolean,true,The vCenter Server must restrict the use of Virtual Guest Tagging (VGT) on Distributed Switches.,"Setting a port group to VLAN 4095 allows Virtual Guest Tagging (VGT), requiring the VM to process VLAN tags. This should only be enabled for VMs authorized and equipped to manage VLAN tags, as inappropriate use can cause service denial or unauthorized VLAN traffic interaction.",SCG-7.0:vcenter-7.network-vgt,"# Get-VDPortgroup $VDPG | Set-VDVlanConfiguration -VlanId ""<New VLAN#>""",vlan_id_not:config.defaultPortConfig.vlan
vc.supported,P2,VCenterAdapterInstance,VMWARE,Product Version & Build Number,manual_audit,string,N/A,vCenter Server is a version that has not reached End of General Support status.,Ensure that vCenter Server is of a version that has not reached End of General Support status.,SCG-7.0:vcenter-7.supported,N/A,
vc.vami-access-ssh,P2,VCenterAdapterInstance,VMWARE,vami.access.ssh,vami_api,boolean,false,The vCenter Server SSH service must be deactivated.,"vCenter Server, delivered as an appliance, is intended for management via VAMI, vSphere Client, and APIs. While SSH is a support tool, it should be deactivated unless required, except for vCenter Server High Availability (not vSphere HA!) which necessitates its use.",SCG-7.0:vcenter-7.vami-access-ssh,"(Get-CisService -Name ""com.vmware.appliance.access.ssh"").set($false)",vami:access/ssh:(value)
vc.vami-administration-password-expiration,P0,VCenterAdapterInstance,VMWARE,vami.local-accounts.root.max-days-between-password-change,vami_api,integer,-1,The vCenter Server root account password expiration must be configured appropriately.,"Modern best practices for passwords (NIST 800-63B Section 5.1.1.2, among other guidance) indicates that with adequate password entropy, security is not improved by arbitrarily requiring users to change their passwords at certain intervals. Many automated security tools and regulatory compliance frameworks do not reflect this guidance, and may override this recommendation.",SCG-7.0:vcenter-7.vami-administration-password-expiration,N/A,vami:local-accounts/root:max_days_between_password_change
vc.vami-backup,P0,VCenterAdapterInstance,VMWARE,"VAMI, Backup",manual_audit,string,Configured,Configure File-Based Backup and Recovery.,"File-Based Backup and Recovery, which allows vCenter Server and configuration recovery via the vCenter Server installer, plays a crucial role in safeguarding your environment. It should be appropriately configured.",SCG-7.0:vcenter-7.vami-backup,N/A,
vc.vami-syslog,P0,VCenterAdapterInstance,VMWARE,vami.logging.forwarding,vami_api,string,(non-empty),Configure a remote log server for the vCenter Server.,Remote logging to a central host enhances vCenter Server's security by storing logs securely. It simplifies monitoring across hosts and supports aggregate analysis for detecting coordinated attacks. Centralized logging prevents tampering and serves as a reliable long-term audit record.,SCG-7.0:vcenter-7.vami-syslog,N/A,vami:logging/forwarding:(list)
vc.vami-time,P0,VCenterAdapterInstance,VMWARE,vami.ntp.servers,vami_api,string,(non-empty),vCenter Server must have reliable time synchronization sources.,"Cryptography, audit logging, cluster operations, and incident response/forensics heavily rely on synchronized time. The recommended practice for NTP is to have at least four sources. It is not advisable to have only two sources, as having one source is preferable to having two.",SCG-7.0:vcenter-7.vami-time,"(Get-CisService -Name ""com.vmware.appliance.timesync"").set(""NTP"") ; (Get-CisService -Name ""com.vmware.appliance.ntp"").set(""0.vmware.pool.ntp.org,1.vmware.pool.ntp.org,2.vmware.pool.ntp.org,3.vmware.pool.ntp.org"")",vami:ntp:(list)
vc.vami-updates,P2,VCenterAdapterInstance,VMWARE,Product Version & Build Number,manual_audit,string,N/A,vCenter Server has all software updates installed.,"By keeping vCenter Server patches up to date, vulnerabilities can be mitigated. It is important to note that educated attackers can exploit known vulnerabilities when attempting to gain unauthorized access or elevate privileges.

When applying updates, it is recommended to update vCenter Server first, if an update is available, and then proceed with updating ESXi. This sequence ensures that the management layer is updated before updating the ESXi hosts.",SCG-7.0:vcenter-7.vami-updates,N/A,
vc.vpxuser-rotation,P2,VCenterAdapterInstance,VMWARE,VirtualCenter.VimPasswordExpirationInDays,advanced_setting,integer,30,The vCenter Server must configure the vpxuser password to be rotated on an appropriate interval.,Ensures that the vCenter Server is properly rotating the password it automatically sets on the ESXi hosts.,SCG-7.0:vcenter-7.vpxuser-rotation,Get-AdvancedSetting -Entity $VC -Name VirtualCenter.VimPasswordExpirationInDays | Set-AdvancedSetting -Value 30,
vm.deactivate-console-copy,P2,VirtualMachine,VMWARE,isolation.tools.copy.disable,advanced_setting,string,TRUE or Undefined,Virtual machines must have console copy operations deactivated.,"Deactivating console copy operations on virtual machines prevents data copying between the VM and the local client, regardless of whether the user is accessing through Web Console, VMRC, or another method.",SCG-7.0:vm-7.deactivate-console-copy,Get-VM -Name $VM | Remove-AdvancedSetting -Name isolation.tools.copy.disable,
vm.deactivate-console-paste,P2,VirtualMachine,VMWARE,isolation.tools.paste.disable,advanced_setting,string,TRUE or Undefined,Virtual machines must have console paste operations deactivated.,"By disabling console paste operations on virtual machines, data transfer from the local client to the VM is blocked, whether the user is using Web Console, VMRC, or another console.",SCG-7.0:vm-7.deactivate-console-paste,Get-VM -Name $VM | Remove-AdvancedSetting -Name isolation.tools.paste.disable,
vm.deactivate-disk-shrinking-shrink,P2,VirtualMachine,VMWARE,isolation.tools.diskShrink.disable,advanced_setting,string,TRUE or Undefined,Virtual machines must have virtual disk shrinking operations deactivated.,Disabling virtual disk shrinking on virtual machines helps avoid disk unavailability issues. The ability to perform this operation is typically limited for non-administrative users in the guest environment.,SCG-7.0:vm-7.deactivate-disk-shrinking-shrink,Get-VM -Name $VM | Remove-AdvancedSetting -Name isolation.tools.diskShrink.disable,
vm.deactivate-disk-shrinking-wiper,P2,VirtualMachine,VMWARE,isolation.tools.diskWiper.disable,advanced_setting,string,TRUE or Undefined,Virtual machines must have virtual disk wiping operations deactivated.,Disabling virtual disk wiping on virtual machines helps avoid disk unavailability issues. The ability to perform this operation is typically limited for non-administrative users in the guest environment.,SCG-7.0:vm-7.deactivate-disk-shrinking-wiper,Get-VM -Name $VM | Remove-AdvancedSetting -Name isolation.tools.diskWiper.disable,
vm.deactivate-non-essential-3d-features,P0,VirtualMachine,VMWARE,mks.enable3d,advanced_setting,boolean,FALSE,Virtual machines must have 3D graphics features deactivated when not required.,"Turning off 3D graphics features on virtual machines that don't need them reduces potential attack vectors, enhancing overall system security.",SCG-7.0:vm-7.deactivate-non-essential-3d-features,Get-VM -Name $VM | Get-AdvancedSetting mks.enable3d | Set-AdvancedSetting -Value FALSE,
vm.dvfilter,P2,VirtualMachine,VMWARE,ethernet*.filter*.name,advanced_setting,string,Not Present,"Virtual machines must limit access through the ""dvfilter"" network Application Programming Interface (API).","The dvFilter interface is used by tools like NSX to filter and inspect network traffic. Other tools may use it, too. Ensure that those tools are authorized.",SCG-7.0:vm-7.dvfilter,"Get-VM -Name $VM | Get-AdvancedSetting ""ethernet*.filter*.name*"" | Remove-AdvancedSetting",
vm.ft-encrypted,P1,VirtualMachine,VMWARE,config.ftEncryptionMode,vim_property,string,ftEncryptionRequired,Virtual machines must require encryption for Fault Tolerance.,"Requiring encryption for Fault Tolerance in VMs ensures secure data transmission. While the default 'opportunistic' encryption likely results in encryption due to ubiquitous AES-NI support in vSphere-compatible hardware, enforcing 'required' encryption guarantees no unencrypted operations.",SCG-7.0:vm-7.ft-encrypted,"$VMview = Get-VM -Name $VM | Get-View ; $ConfigSpec = New-Object VMware.Vim.VirtualMachineConfigSpec ; $ConfigSpec.FtEncryptionMode = New-object VMware.Vim.VirtualMachineConfigSpecEncryptedFtModes ; $ConfigSpec.FtEncryptionMode = ""ftEncryptionRequired"" ; $VMview.ReconfigVM_Task($ConfigSpec)",scalar:config.ftEncryptionMode
vm.isolation-device-connectable-deactivate,P2,VirtualMachine,VMWARE,isolation.device.connectable.disable,advanced_setting,string,TRUE or Undefined,"Virtual machines must prevent unauthorized removal, connection and modification of devices.","Preventing unauthorized device modifications in virtual machines blocks non-admin users or processes from connecting, disconnecting, or adjusting device settings. This measure curbs unauthorized access and operation disruption, reducing denial of service risks, as well as some avenues for exfiltrating data.",SCG-7.0:vm-7.isolation-device-connectable-deactivate,Get-VM -Name $VM | Remove-AdvancedSetting -Name isolation.device.connectable.disable,
vm.isolation-tools-dnd-deactivate,P2,VirtualMachine,VMWARE,isolation.tools.dnd.disable,advanced_setting,string,TRUE or Undefined,Virtual machines must have console drag and drop operations deactivated.,"Deactivating drag and drop operations in a virtual machine's console stops users from transferring data between the VM and the local client, regardless of the console type, enhancing data security.",SCG-7.0:vm-7.isolation-tools-dnd-deactivate,Get-VM -Name $VM | Remove-AdvancedSetting -Name isolation.tools.dnd.disable,
vm.limit-console-connections,P0,VirtualMachine,VMWARE,RemoteDisplay.maxConnections,advanced_setting,integer,1,Virtual machines must limit console sharing.,"Limiting VM console sharing to one user prevents multiple observers, enhancing security. However, this might inadvertently create a potential pathway for service denial.",SCG-7.0:vm-7.limit-console-connections,Get-VM -Name $VM | Get-AdvancedSetting RemoteDisplay.maxConnections | Set-AdvancedSetting -Value 1,
vm.limit-setinfo-size,P2,VirtualMachine,VMWARE,tools.setInfo.sizeLimit,advanced_setting,string,1048576 or Undefined,Virtual machines must limit informational messages from the virtual machine to the VMX file.,Limiting VM informational messages to the VMX file prevents it from exceeding its default size of 1MB. This control prevents potential denial of service situations that could arise if the datastore becomes full.,SCG-7.0:vm-7.limit-setinfo-size,Get-VM -Name $VM | Remove-AdvancedSetting -Name tools.setInfo.sizeLimit,
vm.log-enable,P2,VirtualMachine,VMWARE,config.flags.enableLogging,vim_property,boolean,true,Virtual machines must enable diagnostic logging.,Diagnostic logging for virtual machines helps with forensics and troubleshooting.,SCG-7.0:vm-7.log-enable,$VMview = Get-VM -Name $VM | Get-View ; $ConfigSpec = New-Object VMware.Vim.VirtualMachineConfigSpec ; $ConfigSpec.Flags = New-Object VMware.Vim.VirtualMachineFlagInfo ; $ConfigSpec.Flags.EnableLogging = $true ; $VMview.ReconfigVM_Task($ConfigSpec),bool:config.flags.enableLogging
vm.log-retention,P2,VirtualMachine,VMWARE,log.keepOld,advanced_setting,string,10 or Undefined,Virtual machines must limit the number of retained diagnostic logs.,"By restricting the quantity of retained diagnostic logs, we can avoid filling up the datastore without compromising diagnostic functionality.",SCG-7.0:vm-7.log-retention,Get-VM -Name $VM | Remove-AdvancedSetting -Name log.keepOld,
vm.log-rotation-size,P2,VirtualMachine,VMWARE,log.rotateSize,advanced_setting,string,2048000 or Undefined,Virtual machines must limit the size of diagnostic logs.,"Limiting the size of diagnostic logs on VMs prevents excessive space consumption, particularly on long-running VMs. As per VMware guidelines, the recommended minimum limit is 2MB.",SCG-7.0:vm-7.log-rotation-size,Get-VM -Name $VM | Remove-AdvancedSetting -Name log.rotateSize,
vm.pci-passthrough,P0,VirtualMachine,VMWARE,config.hardware.device.absent.VirtualPCIPassthrough,vim_property,boolean,true,Virtual machines must limit PCI device passthrough functionality.,"DirectPath I/O features enable VMs to directly access system hardware, impacting risk mitigation tools like vMotion, DRS, and High Availability. It also potentially gives attackers privileged hardware access. Ensure only necessary VMs have this privilege, compensating with guest OS security controls.",SCG-7.0:vm-7.pci-passthrough,Get-VM -Name $VM | Get-PassthroughDevice | Remove-PassthroughDevice,vm_hardware_device_absent:config.hardware.device.VirtualPCIPassthrough
vm.remove-unnecessary-devices,P0,VirtualMachine,VMWARE,,powercli_only,string,Not Configured,Virtual machines must remove unnecessary virtual hardware.,"Eliminate unnecessary virtual hardware from VMs to reduce potential attack surfaces. Rarely-used ports, temporary CD/DVD drives, and hardware introduced via migrations could be vulnerable. Removing these decreases risk of software introduction or data exfiltration from a protected environment.",SCG-7.0:vm-7.remove-unnecessary-devices,N/A,
vm.restrict-host-info,P2,VirtualMachine,VMWARE,tools.guestlib.enableHostInfo,advanced_setting,string,FALSE or Undefined,Virtual machines must not be able to obtain host information from the hypervisor.,"Preventing VMs from obtaining host information from the hypervisor mitigates risk of advanced attacks, as it denies adversaries crucial details about the physical host.",SCG-7.0:vm-7.restrict-host-info,Get-VM -Name $VM | Remove-AdvancedSetting -Name tools.guestlib.enableHostInfo,
vm.transparentpagesharing-inter-vm-enabled,P2,VirtualMachine,VMWARE,sched.mem.pshare.salt,advanced_setting,string,vc.uuid or Undefined,Virtual machines must restrict sharing of memory pages between VMs.,"Transparent Page Sharing (TPS) reduces VM memory footprint but could enable unauthorized data access in some very limited conditions. To bolster security, VMs should be configured with the sched.mem.pshare.salt option, preventing memory sharing with other VMs.",SCG-7.0:vm-7.transparentpagesharing-inter-vm-enabled,Get-VM -Name $VM | Remove-AdvancedSetting -Name sched.mem.pshare.salt,
vm.vmotion-encrypted,P1,VirtualMachine,VMWARE,config.migrateEncryption,vim_property,string,required,Virtual machines must require encryption for vMotion.,"Requiring encryption for vMotion in virtual machines guarantees secure data transfer. The default 'opportunistic' encryption likely results in encryption due to widespread AES-NI support in vSphere-compatible hardware. However, enforcing 'required' encryption prevents any unencrypted operations.",SCG-7.0:vm-7.vmotion-encrypted,"$VMview = Get-VM -Name $VM | Get-View ; $ConfigSpec = New-Object VMware.Vim.VirtualMachineConfigSpec ; $ConfigSpec.MigrateEncryption = New-Object VMware.Vim.VirtualMachineConfigSpecEncryptedVMotionModes ; $ConfigSpec.MigrateEncryption = ""required"" ; $VMview.ReconfigVM_Task($ConfigSpec)",scalar:config.migrateEncryption
vm.vmrc-lock,P2,VirtualMachine,VMWARE,tools.guest.desktop.autolock,advanced_setting,string,TRUE or Undefined,Virtual machines must be configured to lock when the last console connection is closed.,Locking virtual machines when the last console connection closes can prevent potential unauthorized access from attackers exploiting logged-in console sessions.,SCG-7.0:vm-7.vmrc-lock,Get-VM -Name $VM | Remove-AdvancedSetting -Name tools.guest.desktop.autolock,
